CustomerID,Recency,InterPurchaseCV,ActiveSpanDays,MonthlyOrderRate,RecencyAnomaly,AOV,AIV,SpendGini,MaxSpendShare,SpendAcceleration,PriceCV,BasketSizeCV,MedianBasketQty,SingleItemOrderRate,OrderDiversiy,RepeatSKUFraction,NewSKURate,BulkLineRate,QuantityCV,SKU_HHI,BurstIndex,ReturnRate,ReturnValueRate,QuarterConcentration
12346,326.0,0.0,0.0,1.0,1.0,77183.6,1.04,0.0,1.0,1.0,0.0,0.0,74215.0,1.0,1.3474365020548406e-05,0.0,1.0,1.0,0.0,1.0,1.0,0.5,1.0,1.0
12823,75.0,0.9352597199717589,221.0,0.6886877828054299,1.3636363636363635,351.9,7.65,0.19130434782608696,0.30434782608695654,0.7692307692307693,0.0,0.0,40.0,1.0,0.024523809523809524,1.0,0.2,1.0,0.3949109157518467,1.0,1.6,0.0,0.0,0.6
12875,143.0,0.0,219.0,0.2779908675799087,0.6529680365296804,171.61500000000004,0.17000000000000004,0.3558692421991083,0.8558692421991084,0.16840277777777776,0.0,0.0,1009.5,1.0,0.002007564910271096,1.0,0.5,1.0,1.00655021749883,1.0,1.0,0.0,0.0,0.5
12891,186.0,0.48902711969910767,107.0,0.8534579439252337,3.4766355140186915,110.33333333333333,0.34842105263157896,0.3262839879154081,0.6163141993957705,6.880952380952381,0.12596733145955463,0.0,250.0,1.0,0.005222222222222223,0.5,0.6666666666666666,1.0,0.8102528588600342,0.5555555555555556,1.0,0.0,0.0,0.6666666666666666
12908,176.0,0.0,136.0,0.4476470588235294,1.2941176470588236,375.0,0.625,0.076,0.576,1.3584905660377358,0.2149604614807104,0.0,600.0,1.0,0.0016666666666666668,1.0,0.5,1.0,0.0,1.0,1.0,0.5,0.672,0.5
13017,7.0,0.0,0.0,1.0,1.0,204.0,4.25,0.0,1.0,1.0,0.0,0.0,48.0,1.0,0.020833333333333332,0.0,1.0,1.0,0.0,1.0,1.0,0.0,0.0,1.0
13068,10.0,0.0,309.0,0.19702265372168287,0.032362459546925564,172.0,1.72,0.020348837209302327,0.5203488372093024,1.084848484848485,0.05755520311983531,0.0,100.0,1.0,0.01,1.0,0.5,1.0,0.0,1.0,1.0,0.0,0.0,0.5
13079,4.0,0.6056588176530627,136.0,1.1191176470588236,0.11940298507462686,44.02,3.5500000000000003,0.3676510676965015,0.5129486597001363,0.2766821345707657,0.49195121709372763,0.37267799624996495,6.0,0.8,0.14318181818181816,1.0,0.4,0.16666666666666666,0.7685276543255027,0.5555555555555556,1.6,0.0,0.0,0.6
13099,99.0,0.0,0.0,1.0,1.0,207.35999999999999,0.72,0.0,1.0,1.0,0.0,0.0,288.0,1.0,0.003472222222222222,0.0,1.0,1.0,0.0,1.0,1.0,0.0,0.0,1.0
13106,133.0,0.0,0.0,1.0,1.0,76.5,4.25,0.0,1.0,1.0,0.0,0.0,18.0,1.0,0.05555555555555555,0.0,1.0,0.0,0.0,1.0,1.0,0.5,0.2222222222222222,1.0
13120,239.0,0.0,0.0,1.0,1.0,30.599999999999998,2.55,0.0,1.0,1.0,0.0,0.0,12.0,1.0,0.08333333333333333,0.0,1.0,0.0,0.0,1.0,1.0,0.0,0.0,1.0
13135,197.0,0.0,0.0,1.0,1.0,3096.0,0.72,0.0,1.0,1.0,0.0,0.0,4300.0,1.0,0.00023255813953488373,0.0,1.0,1.0,0.0,1.0,1.0,0.0,0.0,1.0
13147,10.0,0.7990179923294067,89.0,1.3680898876404495,0.34090909090909094,178.20000000000002,4.95,0.16666666666666657,0.3333333333333333,4.999999999999999,0.0,0.0,36.0,1.0,0.031249999999999997,1.0,0.25,1.0,0.38490017945975047,1.0,1.5,0.0,0.0,0.75
13185,268.0,0.0,0.0,1.0,1.0,71.4,5.95,0.0,1.0,1.0,0.0,0.0,12.0,1.0,0.08333333333333333,0.0,1.0,0.0,0.0,1.0,1.0,0.0,0.0,1.0
13256,14.0,0.0,0.0,1.0,1.0,10659.0,0.85,0.0,1.0,1.0,0.0,0.0,12540.0,1.0,7.974481658692185e-05,0.0,1.0,1.0,0.0,1.0,1.0,0.0,0.0,1.0
13270,366.0,0.0,0.0,1.0,1.0,590.0,2.95,0.0,1.0,1.0,0.0,0.0,200.0,1.0,0.005,0.0,1.0,1.0,0.0,1.0,1.0,0.0,0.0,1.0
13302,155.0,0.0,0.0,1.0,1.0,63.75,12.75,0.0,1.0,1.0,0.0,0.0,5.0,1.0,0.2,0.0,1.0,0.0,0.0,1.0,1.0,0.0,0.0,1.0
13307,120.0,0.0,0.0,1.0,1.0,15.0,3.75,0.0,1.0,1.0,0.0,0.0,4.0,1.0,0.25,0.0,1.0,0.0,0.0,1.0,1.0,0.0,0.0,1.0
13366,50.0,0.0,0.0,1.0,1.0,56.160000000000004,0.39,0.0,1.0,1.0,0.0,0.0,144.0,1.0,0.006944444444444444,0.0,1.0,1.0,0.0,1.0,1.0,0.0,0.0,1.0
13391,204.0,0.0,0.0,1.0,1.0,59.8,14.95,0.0,1.0,1.0,0.0,0.0,4.0,1.0,0.25,0.0,1.0,0.0,0.0,1.0,1.0,0.0,0.0,1.0
13452,259.0,0.0,11.0,2.0,23.545454545454547,295.0,295.0,0.0,0.5,1.0,0.0,0.0,1.0,1.0,1.0,1.0,0.5,0.0,0.0,1.0,1.0,0.0,0.0,1.0
13703,318.0,0.0,0.0,1.0,1.0,99.5,9.95,0.0,1.0,1.0,0.0,0.0,10.0,1.0,0.1,0.0,1.0,0.0,0.0,1.0,1.0,0.0,0.0,1.0
13747,374.0,0.0,0.0,1.0,1.0,79.6,9.95,0.0,1.0,1.0,0.0,0.0,8.0,1.0,0.125,0.0,1.0,0.0,0.0,1.0,1.0,0.0,0.0,1.0
13841,253.0,0.0,0.0,1.0,1.0,85.0,0.85,0.0,1.0,1.0,0.0,0.0,100.0,1.0,0.01,0.0,1.0,1.0,0.0,1.0,1.0,0.0,0.0,1.0
14053,124.0,0.0,35.0,1.7394285714285713,3.5428571428571427,130.125,1.2104651162790698,0.09269932756964457,0.5926993275696446,0.6871961102106969,0.2845991198020826,0.7071067811865476,107.5,0.5,0.013695652173913043,0.5,0.5,0.5,0.890224943873215,0.625,1.0,0.0,0.0,1.0
14090,325.0,0.0,0.0,1.0,1.0,76.32000000000001,1.06,0.0,1.0,1.0,0.0,0.0,72.0,1.0,0.013888888888888888,0.0,1.0,1.0,0.0,1.0,1.0,0.0,0.0,1.0
14351,165.0,0.0,0.0,1.0,1.0,51.0,4.25,0.0,1.0,1.0,0.0,0.0,12.0,1.0,0.08333333333333333,0.0,1.0,0.0,0.0,1.0,1.0,0.0,0.0,1.0
14424,18.0,0.0,0.0,1.0,1.0,322.08,6.71,0.0,1.0,1.0,0.0,0.0,48.0,1.0,0.020833333333333332,0.0,1.0,1.0,0.0,1.0,1.0,0.0,0.0,1.0
14576,372.0,0.0,0.0,1.0,1.0,35.400000000000006,2.9500000000000006,0.0,1.0,1.0,0.0,0.0,12.0,1.0,0.08333333333333333,0.0,1.0,0.0,0.0,1.0,1.0,0.0,0.0,1.0
14616,243.0,0.17435509673092953,74.0,1.234054054054054,6.657534246575342,135.36,3.904615384615385,0.3735224586288415,0.5851063829787234,0.6395348837209301,0.7602897440200596,0.0,32.0,1.0,0.03125,0.5,0.6666666666666666,1.0,0.3525058226889108,0.5555555555555556,1.0,0.0,0.0,0.6666666666666666
14682,188.0,0.0,13.0,2.0,14.461538461538462,26.0,0.65,0.10000000000000006,0.6000000000000001,1.5,0.0,0.0,40.0,1.0,0.026041666666666664,1.0,0.5,1.0,0.282842712474619,1.0,1.0,0.0,0.0,1.0
14705,199.0,0.0,0.0,1.0,1.0,179.0,1.79,0.0,1.0,1.0,0.0,0.0,100.0,1.0,0.01,0.0,1.0,1.0,0.0,1.0,1.0,0.0,0.0,1.0
14785,10.0,0.0,4.0,2.0,2.5,38.7,0.9214285714285715,0.010077519379844975,0.510077519379845,0.9604863221884498,0.28153476024087754,0.47140452079103173,42.0,0.5,0.03819444444444444,0.5,0.5,0.6666666666666666,0.6546536707079771,0.5555555555555556,1.0,0.0,0.0,1.0
15070,373.0,0.0,0.0,1.0,1.0,106.2,2.95,0.0,1.0,1.0,0.0,0.0,36.0,1.0,0.027777777777777776,0.0,1.0,1.0,0.0,1.0,1.0,0.0,0.0,1.0
15098,182.0,0.0,0.0,3.0,182.0,13305.5,329.8884297520661,0.6458983127278193,0.9762880012025102,133.3989898989899,0.8561626964366116,0.0,60.0,1.0,0.3444444444444445,1.0,0.3333333333333333,0.6666666666666666,0.8445536995583781,1.0,1.0,0.4,0.9837285333132915,1.0
15100,334.0,0.9065471553673686,40.0,2.283,17.128205128205128,292.0,10.95,0.1333333333333334,0.39999999999999997,0.25,1.9868346381888856e-16,0.0,32.0,1.0,0.041666666666666664,1.0,0.3333333333333333,0.6666666666666666,0.3464101615137754,1.0,1.3333333333333333,0.5,0.27499999999999997,0.6666666666666666
15118,134.0,0.0,0.0,1.0,1.0,244.8,0.17,0.0,1.0,1.0,0.0,0.0,1440.0,1.0,0.0006944444444444445,0.0,1.0,1.0,0.0,1.0,1.0,0.0,0.0,1.0
15195,3.0,0.0,0.0,1.0,1.0,3861.0,2.75,0.0,1.0,1.0,0.0,0.0,1404.0,1.0,0.0007122507122507123,0.0,1.0,1.0,0.0,1.0,1.0,0.0,0.0,1.0
15313,110.0,0.0,0.0,1.0,1.0,52.0,2.08,0.0,1.0,1.0,0.0,0.0,25.0,1.0,0.04,0.0,1.0,1.0,0.0,1.0,1.0,0.0,0.0,1.0
15316,327.0,0.0,0.0,1.0,1.0,165.0,1.65,0.0,1.0,1.0,0.0,0.0,100.0,1.0,0.01,0.0,1.0,1.0,0.0,1.0,1.0,0.0,0.0,1.0
15389,172.0,0.0,0.0,1.0,1.0,500.0,1.25,0.0,1.0,1.0,0.0,0.0,400.0,1.0,0.0025,0.0,1.0,1.0,0.0,1.0,1.0,0.0,0.0,1.0
15510,331.0,0.0,0.0,1.0,1.0,250.0,125.0,0.0,1.0,1.0,0.0,0.0,2.0,1.0,0.5,0.0,1.0,0.0,0.0,1.0,1.0,0.0,0.0,1.0
15524,25.0,0.0,0.0,1.0,1.0,440.0,110.0,0.0,1.0,1.0,0.0,0.0,4.0,1.0,0.25,0.0,1.0,0.0,0.0,1.0,1.0,0.0,0.0,1.0
15562,352.0,0.0,0.0,1.0,1.0,134.55,3.45,0.0,1.0,1.0,0.0,0.0,39.0,1.0,0.02564102564102564,0.0,1.0,1.0,0.0,1.0,1.0,0.0,0.0,1.0
15649,336.0,0.0,31.0,1.9638709677419355,10.838709677419354,408.0,4.25,0.125,0.625,0.6,0.0,0.0,96.0,1.0,0.01111111111111111,1.0,0.5,1.0,0.35355339059327373,1.0,1.0,0.0,0.0,0.5
15657,23.0,0.0,0.0,1.0,1.0,30.0,1.25,0.0,1.0,1.0,0.0,0.0,24.0,1.0,0.041666666666666664,0.0,1.0,1.0,0.0,1.0,1.0,0.0,0.0,1.0
15668,218.0,0.0,0.0,1.0,1.0,76.32000000000001,1.06,0.0,1.0,1.0,0.0,0.0,72.0,1.0,0.013888888888888888,0.0,1.0,1.0,0.0,1.0,1.0,0.0,0.0,1.0
15753,305.0,0.0,0.0,1.0,1.0,79.2,0.55,0.0,1.0,1.0,0.0,0.0,144.0,1.0,0.006944444444444444,0.0,1.0,1.0,0.0,1.0,1.0,0.0,0.0,1.0
15802,143.0,0.0,0.0,1.0,1.0,451.42,451.42,0.0,1.0,1.0,0.0,0.0,1.0,1.0,1.0,0.0,1.0,0.0,0.0,1.0,1.0,0.6666666666666666,2.0,1.0
15823,372.0,0.0,0.0,1.0,1.0,15.0,15.0,0.0,1.0,1.0,0.0,0.0,1.0,1.0,1.0,0.0,1.0,0.0,0.0,1.0,1.0,0.5,57.050666666666665,1.0
15940,311.0,0.0,0.0,1.0,1.0,35.8,8.95,0.0,1.0,1.0,0.0,0.0,4.0,1.0,0.25,0.0,1.0,0.0,0.0,1.0,1.0,0.5,0.111731843575419,1.0
16073,297.0,0.0,0.0,1.0,1.0,122.39999999999999,2.55,0.0,1.0,1.0,0.0,0.0,48.0,1.0,0.020833333333333332,0.0,1.0,1.0,0.0,1.0,1.0,0.5,0.22916666666666666,1.0
16078,284.0,0.0,0.0,1.0,1.0,79.2,4.95,0.0,1.0,1.0,0.0,0.0,16.0,1.0,0.0625,0.0,1.0,0.0,0.0,1.0,1.0,0.0,0.0,1.0
16093,107.0,0.0,0.0,1.0,1.0,17.0,0.85,0.0,1.0,1.0,0.0,0.0,20.0,1.0,0.05,0.0,1.0,0.0,0.0,1.0,1.0,0.0,0.0,1.0
16144,247.0,0.0,0.0,1.0,1.0,175.2,10.95,0.0,1.0,1.0,0.0,0.0,16.0,1.0,0.0625,0.0,1.0,0.0,0.0,1.0,1.0,0.0,0.0,1.0
16148,296.0,0.0,0.0,1.0,1.0,76.32000000000001,1.06,0.0,1.0,1.0,0.0,0.0,72.0,1.0,0.013888888888888888,0.0,1.0,1.0,0.0,1.0,1.0,0.0,0.0,1.0
16308,38.0,0.44839621683883935,223.0,0.5460089686098655,0.5135135135135135,640.0,0.32,0.1875,0.375,1.6666666666666667,0.0,0.0,2000.0,1.0,0.0005833333333333334,1.0,0.25,1.0,0.40824829046386296,1.0,1.0,0.0,0.0,0.25
16323,196.0,0.0,0.0,1.0,1.0,207.50000000000003,4.15,0.0,1.0,1.0,0.0,0.0,50.0,1.0,0.02,0.0,1.0,1.0,0.0,1.0,1.0,0.0,0.0,1.0
16344,158.0,0.0,0.0,1.0,1.0,101.10000000000001,5.616666666666667,0.0,1.0,1.0,0.06202691063039891,0.0,18.0,1.0,0.05555555555555555,1.0,1.0,0.0,0.4714045207910316,1.0,1.0,0.0,0.0,1.0
16462,74.0,0.08796543689402027,210.0,0.4348571428571429,0.7081339712918661,45.333333333333336,8.5,0.16666666666666666,0.5,1.0,0.0,0.0,4.0,1.0,0.20833333333333334,1.0,0.3333333333333333,0.0,0.4330127018922193,1.0,1.0,0.25,0.25,0.3333333333333333
16532,18.0,0.37123106012293744,320.0,0.285375,0.1125,2249.6,3.3476190476190477,0.06875296348980578,0.3862019914651494,2.5326633165829144,0.5497673480363537,0.4330127018922193,480.0,0.6666666666666666,0.0020202020202020198,0.5,0.6666666666666666,1.0,0.09523809523809523,0.625,1.0,0.0,0.0,0.3333333333333333
16692,256.0,0.0,32.0,1.9024999999999999,8.0,638.0,8.394736842105264,0.4933385579937304,0.9933385579937304,149.11764705882354,1.4823715452029649,0.47140452079103173,76.0,0.5,0.5066225165562914,0.5,1.0,0.3333333333333333,1.697865594261597,0.5555555555555556,1.0,0.0,0.0,1.0
16716,267.0,0.0,44.0,1.3836363636363638,6.068181818181818,450.6,7.510000000000001,0.3149134487350199,0.81491344873502,0.22712418300653595,0.06780475983980594,0.0,60.0,1.0,0.026041666666666664,1.0,0.5,1.0,0.848528137423857,1.0,1.0,0.3333333333333333,0.6451398135818908,1.0
16737,53.0,0.0,0.0,1.0,1.0,417.59999999999997,1.45,0.0,1.0,1.0,0.0,0.0,288.0,1.0,0.003472222222222222,0.0,1.0,1.0,0.0,1.0,1.0,0.0,0.0,1.0
16738,298.0,0.0,0.0,1.0,1.0,3.75,1.25,0.0,1.0,1.0,0.0,0.0,3.0,1.0,0.3333333333333333,0.0,1.0,0.0,0.0,1.0,1.0,0.0,0.0,1.0
16742,47.0,0.0,0.0,1.0,1.0,464.9,464.9,0.0,1.0,1.0,0.0,0.0,1.0,1.0,1.0,0.0,1.0,0.0,0.0,1.0,1.0,0.5,1.0,1.0
16765,294.0,0.0,0.0,1.0,1.0,34.0,8.5,0.0,1.0,1.0,0.0,0.0,4.0,1.0,0.25,0.0,1.0,0.0,0.0,1.0,1.0,0.0,0.0,1.0
16881,67.0,0.0,0.0,1.0,1.0,432.0,0.72,0.0,1.0,1.0,0.0,0.0,600.0,1.0,0.0016666666666666668,0.0,1.0,1.0,0.0,1.0,1.0,0.0,0.0,1.0
16953,30.0,0.0,0.0,1.0,1.0,20.8,2.08,0.0,1.0,1.0,0.0,0.0,10.0,1.0,0.1,0.0,1.0,0.0,0.0,1.0,1.0,0.0,0.0,1.0
16990,219.0,0.0,0.0,1.0,1.0,179.0,1.79,0.0,1.0,1.0,0.0,0.0,100.0,1.0,0.01,0.0,1.0,1.0,0.0,1.0,1.0,0.0,0.0,1.0
16998,150.0,0.9719242142269592,154.0,0.7906493506493506,2.9411764705882355,73.75,3.8815789473684212,0.532542372881356,0.6427118644067797,2.277777777777778,0.029992221776084484,0.0,13.0,1.0,0.265625,1.0,0.25,0.5,1.1547005383792515,1.0,1.5,0.3333333333333333,0.02705084745762712,0.5
17024,45.0,0.0637033136204097,112.0,0.8153571428571429,0.8108108108108109,31.95,1.3891304347826086,0.10154755694661796,0.41314553990610325,2.0671999999999997,0.166944656151217,0.0,24.0,1.0,0.04388888888888889,0.5,0.6666666666666666,0.6666666666666666,0.11503266569846046,0.5555555555555556,1.0,0.0,0.0,0.6666666666666666
17029,111.0,0.0,126.0,0.48317460317460315,0.8809523809523809,358.0,1.79,0.0,0.5,1.0,0.0,0.0,200.0,1.0,0.005,1.0,0.5,1.0,0.0,1.0,1.0,0.0,0.0,0.5
17102,262.0,0.0,0.0,1.0,1.0,25.5,12.75,0.0,1.0,1.0,0.0,0.0,2.0,1.0,0.5,0.0,1.0,0.0,0.0,1.0,1.0,0.0,0.0,1.0
17186,47.0,0.0,13.0,2.0,3.6153846153846154,72.0,0.72,0.0,0.5,1.0,0.0,0.0,100.0,1.0,0.01,1.0,0.5,1.0,0.0,1.0,1.0,0.0,0.0,1.0
17291,308.0,0.0,0.0,1.0,1.0,550.8000000000001,7.650000000000001,0.0,1.0,1.0,0.0,0.0,72.0,1.0,0.013888888888888888,0.0,1.0,1.0,0.0,1.0,1.0,0.0,0.0,1.0
17331,124.0,0.0,0.0,1.0,1.0,175.2,10.95,0.0,1.0,1.0,0.0,0.0,16.0,1.0,0.0625,0.0,1.0,0.0,0.0,1.0,1.0,0.0,0.0,1.0
17347,86.0,0.0,0.0,1.0,1.0,228.96,1.06,0.0,1.0,1.0,0.0,0.0,216.0,1.0,0.004629629629629629,0.0,1.0,1.0,0.0,1.0,1.0,0.0,0.0,1.0
17391,164.0,0.0,0.0,2.0,164.0,254.4,1.06,0.3,0.8,0.25,0.0,0.47140452079103173,240.0,0.5,0.0078125,0.5,0.5,1.0,0.34641016151377546,0.5555555555555556,1.0,0.0,0.0,1.0
17443,220.0,0.0,0.0,1.0,1.0,534.24,1.06,0.0,1.0,1.0,0.0,0.0,504.0,1.0,0.001984126984126984,0.0,1.0,1.0,0.0,1.0,1.0,0.0,0.0,1.0
17616,174.0,0.22715347374904635,194.0,0.4707216494845361,1.8031088082901554,190.4,2.5500000000000003,0.2857142857142857,0.5714285714285714,0.75,0.0,0.0,64.0,1.0,0.018229166666666668,1.0,0.3333333333333333,1.0,0.6546536707079771,1.0,1.0,0.0,0.0,0.3333333333333333
17715,201.0,0.0,0.0,1.0,1.0,326.4,0.85,0.0,1.0,1.0,0.0,0.0,384.0,1.0,0.0026041666666666665,0.0,1.0,1.0,0.0,1.0,1.0,0.0,0.0,1.0
17747,113.0,0.0,0.0,1.0,1.0,71.4,5.95,0.0,1.0,1.0,0.0,0.0,12.0,1.0,0.08333333333333333,0.0,1.0,0.0,0.0,1.0,1.0,0.5,0.09453781512605042,1.0
17752,359.0,0.0,0.0,1.0,1.0,80.64,0.42,0.0,1.0,1.0,0.0,0.0,192.0,1.0,0.005208333333333333,0.0,1.0,1.0,0.0,1.0,1.0,0.0,0.0,1.0
17763,263.0,0.0,0.0,1.0,1.0,15.0,1.25,0.0,1.0,1.0,0.0,0.0,12.0,1.0,0.08333333333333333,0.0,1.0,0.0,0.0,1.0,1.0,0.0,0.0,1.0
17846,85.0,0.0,0.0,1.0,1.0,2033.1,2033.1,0.0,1.0,1.0,0.0,0.0,1.0,1.0,1.0,0.0,1.0,0.0,0.0,1.0,1.0,0.0,0.0,1.0
17923,282.0,0.0,0.0,1.0,1.0,207.50000000000003,4.15,0.0,1.0,1.0,0.0,0.0,50.0,1.0,0.02,0.0,1.0,1.0,0.0,1.0,1.0,0.0,0.0,1.0
17925,373.0,0.0,0.0,1.0,1.0,244.08,3.39,0.0,1.0,1.0,0.0,0.0,72.0,1.0,0.013888888888888888,0.0,1.0,1.0,0.0,1.0,1.0,0.0,0.0,1.0
17948,147.0,0.0,0.0,1.0,1.0,358.56000000000006,2.49,0.0,1.0,1.0,0.0,0.0,144.0,1.0,0.006944444444444444,0.0,1.0,1.0,0.0,1.0,1.0,0.0,0.0,1.0
17956,249.0,0.0,0.0,1.0,1.0,12.75,12.75,0.0,1.0,1.0,0.0,0.0,1.0,1.0,1.0,0.0,1.0,0.0,0.0,1.0,1.0,0.0,0.0,1.0
17986,56.0,0.0,0.0,1.0,1.0,20.8,2.08,0.0,1.0,1.0,0.0,0.0,10.0,1.0,0.1,0.0,1.0,0.0,0.0,1.0,1.0,0.0,0.0,1.0
18017,81.0,0.3273070690208473,229.0,0.39877729257641925,0.7074235807860262,174.33333333333334,1.7433333333333334,0.017845761631612493,0.3422562141491396,2.16969696969697,0.04636464876857419,0.0,100.0,1.0,0.01,1.0,0.3333333333333333,1.0,0.0,1.0,1.0,0.0,0.0,0.3333333333333333
18068,289.0,0.0,0.0,1.0,1.0,101.69999999999999,16.95,0.0,1.0,1.0,0.0,0.0,6.0,1.0,0.16666666666666666,0.0,1.0,0.0,0.0,1.0,1.0,0.0,0.0,1.0
18084,16.0,0.0,0.0,1.0,1.0,90.47999999999999,0.29,0.0,1.0,1.0,0.0,0.0,312.0,1.0,0.003205128205128205,0.0,1.0,1.0,0.0,1.0,1.0,0.5,0.03260389036251106,1.0
18113,369.0,0.0,0.0,1.0,1.0,76.32000000000001,1.06,0.0,1.0,1.0,0.0,0.0,72.0,1.0,0.013888888888888888,0.0,1.0,1.0,0.0,1.0,1.0,0.0,0.0,1.0
18133,212.0,0.0,0.0,1.0,1.0,931.4999999999999,0.69,0.0,1.0,1.0,0.0,0.0,1350.0,1.0,0.0007407407407407407,0.0,1.0,1.0,0.0,1.0,1.0,0.5,0.23188405797101452,1.0
18174,7.0,0.0,0.0,1.0,1.0,104.0,2.08,0.0,1.0,1.0,0.0,0.0,50.0,1.0,0.02,0.0,1.0,1.0,0.0,1.0,1.0,0.0,0.0,1.0
18184,15.0,0.0,0.0,1.0,1.0,49.8,0.83,0.0,1.0,1.0,0.0,0.0,60.0,1.0,0.016666666666666666,0.0,1.0,1.0,0.0,1.0,1.0,0.0,0.0,1.0
18233,326.0,0.0,0.0,1.0,1.0,440.0,110.0,0.0,1.0,1.0,0.0,0.0,4.0,1.0,0.25,0.0,1.0,0.0,0.0,1.0,1.0,0.0,0.0,1.0
18268,134.0,0.0,0.0,1.0,1.0,25.5,12.75,0.0,1.0,1.0,0.0,0.0,2.0,1.0,0.5,0.0,1.0,0.0,0.0,1.0,1.0,0.5,1.0,1.0
18273,2.0,0.3826695521715434,255.0,0.35811764705882354,0.01568627450980392,68.0,2.55,0.16666666666666666,0.5,3.0,0.0,0.0,20.0,1.0,0.041666666666666664,1.0,0.3333333333333333,0.3333333333333333,0.4330127018922193,1.0,1.0,0.0,0.0,0.3333333333333333
